group_type,group_label,n,mean_width_t0,mean_width_t1,coverage_factual,auc_factual,n_test,n_decide_t0,n_decide_t1,n_abstain,mean_regret_decided,p90_regret_decided,max_regret_decided
age_bin,"[0,40)",1367,0.20384972075395238,0.31690774523347814,0.9173372348207754,0.755385808915677,1367,160,403,804,0.0,0.0,0.0
age_bin,"[40,60)",3475,0.1993750466907729,0.35598986224053647,0.8762589928057554,0.759713045523553,3475,636,1652,1187,0.0,0.0,0.0
age_bin,"[60,80)",5789,0.2004140157321287,0.3835754798004367,0.7864916220418035,0.7492458327503725,5789,1543,2955,1291,0.0,0.0,0.0
age_bin,"[80,200)",2443,0.2115860164237722,0.4083274333734717,0.6352844862873516,0.6774965977213169,2443,490,1688,265,0.0,0.0,0.0
