alpha,score_type,q0,q1,mean_width_t0,mean_width_t1,coverage_factual,n_test,n_decide_t0,n_decide_t1,n_abstain,mean_pseudo_regret_decided,p90_pseudo_regret_decided,max_pseudo_regret_decided,mean_true_regret_decided,p90_true_regret_decided,max_true_regret_decided
0.01,residual,0.7416937009870667,0.7879793546425448,0.9995068817187639,0.99742175688694,0.994,1000,0,0,1000,,,,,,
0.05,residual,0.6618812279977286,0.6842462485493561,0.9941572331122314,0.979474575318584,0.963,1000,0,0,1000,,,,,,
0.1,residual,0.6249845920697676,0.6406518371753396,0.9868963115378094,0.9626109710150369,0.92,1000,0,0,1000,,,,,,
0.2,residual,0.5670086700169545,0.5822265907377044,0.9637286939100134,0.9291978796065594,0.812,1000,0,0,1000,,,,,,
0.3,residual,0.5343003503175686,0.5259614600022504,0.9424116880744737,0.8847200652253553,0.695,1000,0,0,1000,,,,,,
0.4,residual,0.5016859119789698,0.4878558703230036,0.9141148984216133,0.8476464908457173,0.588,1000,0,0,1000,,,,,,
0.5,residual,0.47493244871952967,0.45386186411492985,0.8850414652806523,0.8098209898475103,0.491,1000,0,0,1000,,,,,,
