alpha,score_type,q0,q1,mean_width_t0,mean_width_t1,coverage_factual,n_test,n_decide_t0,n_decide_t1,n_abstain,mean_pseudo_regret_decided,p90_pseudo_regret_decided,max_pseudo_regret_decided,mean_true_regret_decided,p90_true_regret_decided,max_true_regret_decided
0.01,residual,0.9013527631759644,0.8315644264221191,0.9997903108596802,0.996809720993042,0.995,1000,0,0,1000,,,,,,
0.05,residual,0.7857545614242554,0.7349734604358673,0.9909623861312866,0.982942521572113,0.94,1000,0,0,1000,,,,,,
0.1,residual,0.7359114289283752,0.6888283491134644,0.9797101020812988,0.9700919389724731,0.899,1000,0,0,1000,,,,,,
0.2,residual,0.639510840177536,0.6221548020839691,0.9378604888916016,0.9413648247718811,0.797,1000,0,0,1000,,,,,,
0.3,residual,0.5731357336044312,0.5713610649108887,0.8939256072044373,0.9099656939506531,0.692,1000,0,0,1000,,,,,,
0.4,residual,0.5003310739994049,0.5142087936401367,0.8298681378364563,0.8627206683158875,0.569,1000,0,0,1000,,,,,,
0.5,residual,0.45172813534736633,0.46319764852523804,0.7772104740142822,0.8094549775123596,0.457,1000,0,0,1000,,,,,,
