alpha,score_type,q0,q1,mean_width_t0,mean_width_t1,coverage_factual,n_test,n_decide_t0,n_decide_t1,n_abstain,mean_pseudo_regret_decided,p90_pseudo_regret_decided,max_pseudo_regret_decided,mean_true_regret_decided,p90_true_regret_decided,max_true_regret_decided
0.01,residual,0.16214716478572722,0.1382656185878191,0.32424243415895965,0.2753962048316706,0.996,1000,39,224,737,0.0,0.0,0.0,0.0,0.0,0.0
0.05,residual,0.10029341386544932,0.10374194526791514,0.2005868277308986,0.2069854270347073,0.951,1000,70,353,577,0.0,0.0,0.0,0.0,0.0,0.0
0.1,residual,0.08315170938222938,0.08700551860463518,0.16630341876445873,0.1736923086862337,0.907,1000,94,400,506,0.0,0.0,0.0,0.0,0.0,0.0
0.2,residual,0.06462219574209321,0.06633032653193432,0.12924439148418643,0.13250145322922924,0.81,1000,125,472,403,0.0,0.0,0.0,0.0,0.0,0.0
0.3,residual,0.0520797430570038,0.052040018067203764,0.10415948611400759,0.10399228784209177,0.706,1000,160,509,331,0.0,0.0,0.0,0.0,0.0,0.0
0.4,residual,0.04095395806160029,0.04253241738999303,0.08190791612320057,0.08502241597602964,0.596,1000,189,550,261,0.0,0.0,0.0,0.0,0.0,0.0
